modelo,entorno,ROC AUC,PR-AUC,accuracy,precision,recall,f1,umbral
Regresión logística,scikit-learn,0.7094925230134677,0.3699789903214944,0.6664820747634375,0.3255633782357328,0.6258936550491511,0.42832843864868486,0.20424242424242423
Regresión logística,PySpark,0.7094924859248121,0.36997931253537925,0.6698976444090953,0.32741431184000946,0.6199731903485255,0.4285217928425279,0.2061
Árbol de decisión,scikit-learn,0.7021901124808151,0.3594421072380034,0.6509689216611785,0.3142083321778838,0.6328567173071195,0.4199264955681152,0.20424242424242423
Árbol de decisión,PySpark,0.7003749796660796,0.35636812011160235,0.6497201388527551,0.3139521007554825,0.6367478403336312,0.42054977282368783,0.2061
Bosque aleatorio,scikit-learn,0.7163588728409993,0.38211871576314715,0.6784755929860032,0.33445052393547214,0.6168081620494489,0.4337238986712051,0.21878787878787878
Bosque aleatorio,PySpark,0.7151553028236001,0.38145294403442753,0.67587024551962,0.33244970840377325,0.6187444146559428,0.43251192420564943,0.2159
Gradient boosting,scikit-learn,0.7196279223699338,0.38754821522269944,0.6903836290520401,0.3428192054387083,0.6008526958593983,0.4365581798014231,0.22363636363636363
Gradient boosting,PySpark,0.7189488556256385,0.38625587473009665,0.6798247244129606,0.33613886896161504,0.6193774203157582,0.4357787048983843,0.2159
SVM lineal,scikit-learn,0.4955673819953095,0.2035948556076056,0.20198690264697355,0.19932620444690125,0.9935768543342269,0.3320402303320278,-1.000000000000319
SVM lineal,PySpark,0.5985164678645559,0.2854011816364885,0.7032431186863994,0.30765720678285446,0.3891309204647006,0.343630803630146,-1.000004670900264
Naive Bayes,scikit-learn,0.6883729220583543,0.3480252139668458,0.6472783224684273,0.31004205710912713,0.625856419422103,0.414664232496176,0.21393939393939393
Naive Bayes,PySpark,0.6882694390030458,0.3479204362694777,0.6505266444165285,0.31146774404728506,0.6200476616026214,0.414646596695676,0.2159
