modelo,entorno,entrenamiento con validación (s),predicción test (s),umbral OOF (s),transferencia al driver (s),entrenamiento + predicción (s)
Regresión logística,scikit-learn,14.721741199493408,0.06638097763061523,6.17728853225708,,14.788122177124023
Regresión logística,PySpark,3799.348739385605,0.8042306900024414,364.87682700157166,0.5343019962310791,3800.1529700756073
Árbol de decisión,scikit-learn,59.3327260017395,0.05265545845031738,18.70469641685486,,59.38538146018982
Árbol de decisión,PySpark,3866.8206765651703,0.6282615661621094,334.45006108283997,0.27968406677246094,3867.4489381313324
Bosque aleatorio,scikit-learn,837.4360346794128,5.7464048862457275,228.20381689071655,,843.1824395656586
Bosque aleatorio,PySpark,21144.727073431015,39.33988094329834,6729.999937295914,7.9132912158966064,21184.066954374313
Gradient boosting,scikit-learn,3266.7210626602173,1.266037940979004,769.9923703670502,,3267.9871006011963
Gradient boosting,PySpark,36419.12744140625,2.3825948238372803,12059.14381313324,0.4966914653778076,36421.51003623009
SVM lineal,scikit-learn,623.7369468212128,0.19688057899475098,57.90117073059082,,623.9338274002075
SVM lineal,PySpark,12955.437936067581,0.601799726486206,3477.8661687374115,0.3255288600921631,12956.039735794067
Naive Bayes,scikit-learn,4.839104890823364,0.5221123695373535,2.0749497413635254,,5.361217260360718
Naive Bayes,PySpark,2561.7368683815002,0.5853335857391357,19.46464514732361,0.2799031734466553,2562.3222019672394
