,count,mean,std,min,25%,50%,75%,max
member_id,0.0,,,,,,,
loan_amnt,2260668.0,15046.931227849467,9190.245488232782,500.0,8000.0,12900.0,20000.0,40000.0
funded_amnt,2260668.0,15041.664056818605,9188.413022382003,500.0,8000.0,12875.0,20000.0,40000.0
funded_amnt_inv,2260668.0,15023.437745306326,9192.331678793576,0.0,8000.0,12800.0,20000.0,40000.0
int_rate,2260668.0,13.092829115111119,4.832138364571109,5.31,9.49,12.62,15.99,30.99
installment,2260668.0,445.8068228815553,267.17353460842605,4.93,251.65,377.99,593.32,1719.83
annual_inc,2260664.0,77992.42868706713,112696.19957435431,0.0,46000.0,65000.0,93000.0,110000000.0
dti,2258957.0,18.8241964366741,14.18332854307813,-1.0,11.89,17.84,24.49,999.0
delinq_2yrs,2260639.0,0.3068791611575311,0.867230332896845,0.0,0.0,0.0,0.0,58.0
fico_range_low,2260668.0,698.5882049022679,33.01037645190529,610.0,675.0,690.0,715.0,845.0
fico_range_high,2260668.0,702.5883999773519,33.011244616726316,614.0,679.0,694.0,719.0,850.0
inq_last_6mths,2260638.0,0.5768353889477218,0.8859631583509198,0.0,0.0,0.0,1.0,33.0
mths_since_last_delinq,1102166.0,34.540915796713016,21.900470896909333,0.0,16.0,31.0,50.0,226.0
mths_since_last_record,359156.0,72.31284177349119,26.464094476272724,0.0,55.0,74.0,92.0,129.0
open_acc,2260639.0,11.612402068618652,5.640861338395338,0.0,8.0,11.0,14.0,101.0
pub_rec,2260639.0,0.1975277786501958,0.5705150143060435,0.0,0.0,0.0,0.0,86.0
revol_bal,2260668.0,16658.458077877865,22948.30502779043,0.0,5950.0,11324.0,20246.0,2904836.0
revol_util,2258866.0,50.33769624670081,24.713073320891368,0.0,31.5,50.3,69.4,892.3
total_acc,2260639.0,24.162552269513178,11.987528317343358,1.0,15.0,22.0,31.0,176.0
out_prncp,2260668.0,4206.891439362171,7343.238522071131,0.0,0.0,0.0,6149.94,40000.0
out_prncp_inv,2260668.0,4205.965356509666,7342.332972467982,0.0,0.0,0.0,6146.31,40000.0
total_pymnt,2260668.0,12082.556829495932,9901.383185070772,0.0,4546.4575,9329.72,16940.869372970676,63296.877916990896
total_pymnt_inv,2260668.0,12064.394654562278,9896.991745106718,0.0,4531.8,9309.675,16916.705,63296.88
total_rec_prncp,2260668.0,9505.771587681162,8321.852079137623,0.0,3000.0,7000.0,13899.099999999999,40000.0
total_rec_int,2260668.0,2431.38765447204,2679.737839675103,0.0,728.1875,1525.94,3108.0625,28192.5
total_rec_late_fee,2260668.0,1.5184530378664223,11.841591673756671,-9.5e-09,0.0,0.0,0.0,1484.34
recoveries,2260668.0,143.879135221489,748.1640051136734,0.0,0.0,0.0,0.0,39859.55
collection_recovery_fee,2260668.0,23.98256585933105,131.225586967112,0.0,0.0,0.0,0.0,7174.719
last_pymnt_amnt,2260668.0,3429.3459419105693,6018.24758176744,0.0,310.33,600.57,3743.75,42192.05
last_fico_range_high,2260668.0,687.6609953341225,72.97043534885438,0.0,654.0,699.0,734.0,850.0
last_fico_range_low,2260668.0,675.5397298497612,111.09762614529951,0.0,650.0,695.0,730.0,845.0
collections_12_mths_ex_med,2260523.0,0.018145800772653053,0.15081314218644085,0.0,0.0,0.0,0.0,20.0
mths_since_last_major_derog,580775.0,44.16422022297792,21.53312059273792,0.0,27.0,44.0,62.0,226.0
policy_code,2260668.0,1.0,0.0,1.0,1.0,1.0,1.0,1.0
annual_inc_joint,120710.0,123624.63670052188,74161.3463277753,5693.51,83400.0,110000.0,147995.0,7874821.0
dti_joint,120706.0,19.251817059632494,7.822085979598825,0.0,13.53,18.84,24.62,69.49
acc_now_delinq,2260639.0,0.004147942241109704,0.06961656266039755,0.0,0.0,0.0,0.0,14.0
tot_coll_amt,2190392.0,232.73173888509453,8518.461819489174,0.0,0.0,0.0,0.0,9152545.0
tot_cur_bal,2190392.0,142492.1952015895,160692.64061666693,0.0,29092.0,79240.0,213204.0,9971659.0
open_acc_6m,1394538.0,0.9344198580461773,1.1406999321459674,0.0,0.0,1.0,1.0,18.0
open_act_il,1394539.0,2.7794066713085828,3.000784357582313,0.0,1.0,2.0,3.0,57.0
open_il_12m,1394539.0,0.6764314228573026,0.9256354270211494,0.0,0.0,0.0,1.0,25.0
open_il_24m,1394539.0,1.5627515616271757,1.5786720954929945,0.0,0.0,1.0,2.0,51.0
mths_since_rcnt_il,1350744.0,21.22235671600244,26.04918670305589,0.0,7.0,13.0,24.0,511.0
total_bal_il,1394539.0,35506.645267719294,44097.45592491508,0.0,8695.0,23127.0,46095.0,1837038.0
il_util,1191818.0,69.14097957909681,23.74838634116153,0.0,55.0,72.0,86.0,1000.0
open_rv_12m,1394539.0,1.2901331551143425,1.5068266468585139,0.0,0.0,1.0,2.0,28.0
open_rv_24m,1394539.0,2.74992309286438,2.596910679367778,0.0,1.0,2.0,4.0,60.0
max_bal_bc,1394539.0,5806.392904752036,5690.561012072087,0.0,2284.0,4413.0,7598.0,1170668.0
all_util,1394320.0,57.03229531241035,20.904747595971816,0.0,43.0,58.0,72.0,239.0
total_rev_hi_lim,2190392.0,34573.94276914817,36728.49544778413,0.0,14700.0,25400.0,43200.0,9999999.0
inq_fi,1394539.0,1.0128666175703942,1.4894556681024813,0.0,0.0,1.0,1.0,48.0
total_cu_tl,1394538.0,1.4773043115354332,2.67299119117302,0.0,0.0,0.0,2.0,111.0
inq_last_12m,1394538.0,2.0366673407250286,2.3831172236610314,0.0,0.0,1.0,3.0,67.0
acc_open_past_24mths,2210638.0,4.521655739202891,3.1642294358503045,0.0,2.0,4.0,6.0,64.0
avg_cur_bal,2190322.0,13547.797508768117,16474.075009507334,0.0,3080.0,7335.0,18783.0,958084.0
bc_open_to_buy,2185733.0,11394.262687620125,16599.534400378063,0.0,1722.0,5442.0,14187.0,711140.0
bc_util,2184597.0,57.89994754181207,28.583474537910323,0.0,35.4,60.2,83.1,339.6
chargeoff_within_12_mths,2260523.0,0.008464412881443808,0.1048097891672741,0.0,0.0,0.0,0.0,10.0
delinq_amnt,2260639.0,12.369827734547622,726.4647812917943,0.0,0.0,0.0,0.0,249925.0
mo_sin_old_il_acct,2121597.0,125.73776075286682,53.38217541792335,0.0,96.0,130.0,154.0,999.0
mo_sin_old_rev_tl_op,2190391.0,181.49156748726597,97.11845373486867,1.0,116.0,164.0,232.0,999.0
mo_sin_rcnt_rev_tl_op,2190391.0,14.024089306429765,17.53308255143083,0.0,4.0,8.0,17.0,547.0
mo_sin_rcnt_tl,2190392.0,8.297468672274187,9.208556538554236,0.0,3.0,6.0,11.0,382.0
mort_acc,2210638.0,1.5553822018801813,1.9049810172530937,0.0,0.0,1.0,3.0,94.0
mths_since_recent_bc,2187256.0,24.84485080850161,32.31925269164234,0.0,6.0,14.0,30.0,661.0
mths_since_recent_bc_dlq,519701.0,39.30308966117056,22.61768863933828,0.0,21.0,37.0,57.0,202.0
mths_since_recent_inq,1965233.0,7.024194077750577,5.965411441787445,0.0,2.0,5.0,11.0,25.0
mths_since_recent_revol_delinq,740359.0,35.78222321873577,22.307238940645842,0.0,17.0,33.0,51.0,202.0
num_accts_ever_120_pd,2190392.0,0.5002081819144701,1.3503256775622372,0.0,0.0,0.0,0.0,58.0
num_actv_bc_tl,2190392.0,3.676068941084518,2.3246464154592186,0.0,2.0,3.0,5.0,50.0
num_actv_rev_tl,2190392.0,5.629467693453957,3.3828737590596174,0.0,3.0,5.0,7.0,72.0
num_bc_sats,2202078.0,4.774183294143078,3.0379214235430316,0.0,3.0,4.0,6.0,71.0
num_bc_tl,2190392.0,7.726401940839813,4.701430113370281,0.0,4.0,7.0,10.0,86.0
num_il_tl,2190392.0,8.413438781734046,7.359113770600853,0.0,3.0,6.0,11.0,159.0
num_op_rev_tl,2190392.0,8.246522540257635,4.683927892155316,0.0,5.0,7.0,10.0,91.0
num_rev_accts,2190391.0,14.0046297670142,8.038867537833626,0.0,8.0,12.0,18.0,151.0
num_rev_tl_bal_gt_0,2190392.0,5.577950887329757,3.2934338556224794,0.0,3.0,5.0,7.0,65.0
num_sats,2202078.0,11.628129884590827,5.644026548150601,0.0,8.0,11.0,14.0,101.0
num_tl_120dpd_2m,2107011.0,0.0006373958180569537,0.027106433244198185,0.0,0.0,0.0,0.0,7.0
num_tl_30dpd,2190392.0,0.002813651620349234,0.05616522446916036,0.0,0.0,0.0,0.0,4.0
num_tl_90g_dpd_24m,2190392.0,0.0829376659520305,0.49357321363201573,0.0,0.0,0.0,0.0,58.0
num_tl_op_past_12m,2190392.0,2.0767552109394116,1.8307107646921246,0.0,1.0,2.0,3.0,32.0
pct_tl_nvr_dlq,2190237.0,94.11457645907724,9.036140361127272,0.0,91.3,100.0,100.0,100.0
percent_bc_gt_75,2185289.0,42.43512653932729,36.2161573256478,0.0,0.0,37.5,71.4,100.0
pub_rec_bankruptcies,2259303.0,0.12819351808942847,0.36461299746738657,0.0,0.0,0.0,0.0,12.0
tax_liens,2260563.0,0.0467710919801837,0.37753382099699534,0.0,0.0,0.0,0.0,85.0
tot_hi_cred_lim,2190392.0,178242.75374362213,181574.81465455153,0.0,50731.0,114298.5,257755.0,9999999.0
total_bal_ex_mort,2210638.0,51022.93846165677,49911.23566574765,0.0,20892.0,37864.0,64350.0,3408095.0
total_bc_limit,2210638.0,23193.76817326039,23006.558238736616,0.0,8300.0,16300.0,30300.0,1569000.0
total_il_high_credit_limit,2190392.0,43732.01347567011,45072.982191542476,0.0,15000.0,32696.0,58804.25,2118996.0
revol_bal_joint,108020.0,33617.27884650991,28153.874309027877,0.0,15106.75,26516.5,43769.0,1110019.0
sec_app_fico_range_low,108021.0,669.7556030771794,44.72916274245646,540.0,645.0,670.0,695.0,845.0
sec_app_fico_range_high,108021.0,673.7556308495571,44.72927186317989,544.0,649.0,674.0,699.0,850.0
sec_app_inq_last_6mths,108021.0,0.633256496421992,0.9934011556131109,0.0,0.0,0.0,1.0,6.0
sec_app_mort_acc,108021.0,1.5389970468705159,1.7605685711087202,0.0,0.0,1.0,2.0,27.0
sec_app_open_acc,108021.0,11.46945501337703,6.6272711357737695,0.0,7.0,10.0,15.0,82.0
sec_app_revol_util,106184.0,58.16910080614782,25.548211613627483,0.0,39.8,60.2,78.6,434.3
sec_app_open_act_il,108021.0,3.0105535034854336,3.2758930638421044,0.0,1.0,2.0,4.0,43.0
sec_app_num_rev_accts,108021.0,12.533072272983956,8.150963550839672,0.0,7.0,11.0,17.0,106.0
sec_app_chargeoff_within_12_mths,108021.0,0.04635209820312717,0.41149601124199264,0.0,0.0,0.0,0.0,21.0
sec_app_collections_12_mths_ex_med,108021.0,0.0775682506179354,0.4079956247436535,0.0,0.0,0.0,0.0,23.0
sec_app_mths_since_last_major_derog,35942.0,36.9379277725224,23.92458363348403,0.0,16.0,36.0,56.0,185.0
deferral_term,10917.0,3.0,0.0,3.0,3.0,3.0,3.0,3.0
hardship_amount,10917.0,155.0459805807456,129.04059407028788,0.64,59.44,119.14,213.26,943.94
hardship_length,10917.0,3.0,0.0,3.0,3.0,3.0,3.0,3.0
hardship_dpd,10917.0,13.743885682879911,9.671178202864539,0.0,5.0,15.0,22.0,37.0
orig_projected_additional_accrued_interest,8651.0,454.7980892382383,375.3855000687775,1.92,175.23,352.77,620.175,2680.89
hardship_payoff_balance_amount,10917.0,11636.883941559036,7625.988281152928,55.73,5627.0,10028.39,16151.89,40306.41
hardship_last_payment_amount,10917.0,193.99432078409825,198.62949581836793,0.01,44.44,133.16,284.19,1407.86
settlement_amount,34246.0,5010.664267067687,3693.122590075488,44.21,2208.0,4146.110000000001,6850.1725,33601.0
settlement_percentage,34246.0,47.78036500613205,7.3118217062083275,0.2,45.0,45.0,50.0,521.35
settlement_term,34246.0,13.191321614203119,8.159979581908093,0.0,6.0,14.0,18.0,181.0
