,n,faltantes %,media,mediana,desv. est.,mín,P25,P75,máx,IQR,límite inf.,límite sup.,outliers,outliers %,asimetría,curtosis
loan_amnt,1076248.0,0.0,14420.946264243928,12000.0,8719.168917662502,500.0,8000.0,20000.0,40000.0,12000.0,-10000.0,38000.0,5710.0,0.5305468628048554,0.7820288654577295,-0.0852321815731707
int_rate,1076248.0,0.0,13.241809796626805,12.74,4.7709680944284525,5.31,9.75,15.99,30.99,6.24,0.39000000000000057,25.35,20025.0,1.8606306353182538,0.7142917250740233,0.5080817011286065
installment,1076248.0,0.0,438.1173097650356,375.43,261.5815802477072,4.93,248.46,580.73,1719.83,332.27,-249.94499999999996,1079.135,33622.0,3.1240011595840365,1.0061019840550107,0.7474380488998249
annual_inc,1076248.0,0.0,76241.93752543093,65000.0,69566.28789061298,0.0,45802.770000000004,90000.0,9550000.0,44197.229999999996,-20493.074999999997,156295.845,52607.0,4.887999791869532,45.07129563321829,4591.357275253909
dti,1075952.0,0.027502954709323502,18.286036040641214,17.62,11.332998586196243,-1.0,11.79,24.06,999.0,12.27,-6.615000000000002,42.465,4318.0,0.4013190179487561,28.42779663739867,2198.375406258197
fico_range_high,1076248.0,0.0,700.193178523909,694.0,31.872030214315426,629.0,674.0,714.0,850.0,40.0,614.0,774.0,37258.0,3.4618415086485643,1.2855381476802012,1.6600972570798604
emp_length,1013422.0,5.837502137053914,5.964553759440785,6.0,3.6907271629926366,0.0,2.0,10.0,10.0,8.0,-10.0,22.0,0.0,0.0,-0.21650818614024434,-1.4990238811149759
open_acc,1076248.0,0.0,11.59342270554742,11.0,5.479320115975023,0.0,8.0,14.0,90.0,6.0,-1.0,23.0,36939.0,3.432201500026016,1.304597708252256,3.41933279313309
revol_bal,1076248.0,0.0,16246.322670053742,11135.0,22252.251730564527,0.0,5944.0,19760.0,2904836.0,13816.0,-14780.0,40484.0,63769.0,5.925121347496116,13.238587918001889,670.7186625512318
revol_util,1075553.0,0.06457619433439132,51.820751157776506,52.2,24.526936632744572,0.0,33.5,70.8,892.3,37.3,-22.449999999999996,126.75,60.0,0.005578525651455577,-0.028481324700895868,0.5036076872869097
total_acc,1076248.0,0.0,24.97789078353688,23.0,12.00288246909005,2.0,16.0,32.0,176.0,16.0,-8.0,56.0,18157.0,1.687064691409415,0.9591068227873503,1.6809338098333835
pub_rec,1076248.0,0.0,0.2150851848272889,0.0,0.6039737557605664,0.0,0.0,0.0,86.0,0.0,0.0,0.0,182109.0,16.920728307973626,12.511468684459338,869.1982208822662
delinq_2yrs,1076248.0,0.0,0.3178533200526273,0.0,0.878452440649601,0.0,0.0,0.0,39.0,0.0,0.0,0.0,207496.0,19.279571251235776,5.617895274221061,59.048966149671784
inq_last_6mths,1076247.0,9.291538753149832e-05,0.6552482840834865,0.0,0.9383017919103821,0.0,0.0,1.0,8.0,1.0,-1.5,2.5,57259.0,5.320247117994289,1.697106977528208,3.2896531575851267
mort_acc,1038295.0,3.5264177029829558,1.6705281254364126,1.0,1.9998970149327528,0.0,0.0,3.0,51.0,3.0,-4.5,7.5,14271.0,1.374464867884368,1.635966774750048,5.223071707485087
credit_history_years,1076248.0,0.0,16.25442145614518,14.75,7.501903904081632,3.0,11.25,20.0,83.25,8.75,-1.875,33.125,35067.0,3.2582638945670515,1.0904288392313386,1.6980050185915014
term_months,1076248.0,0.0,41.79038288572894,36.0,10.268434801119225,36.0,36.0,36.0,60.0,0.0,36.0,36.0,259662.0,24.126595357203914,1.2094596253355554,-0.5372084129851888
