variable,media default=1,media default=0,dif. de medias,d de Cohen,corr. punto-biserial,p Welch,p Mann-Whitney
int_rate,15.719236479913612,12.623900494659283,3.0953359852543283,0.671767822934525,0.2593322102627519,0.0,0.0
fico_range_high,691.857978002951,702.2721090409693,-10.414131038018354,-0.32957118875037794,-0.13060761128024406,0.0,0.0
dti,20.163768855450854,17.81768871057644,2.3460801448744135,0.20772547965740173,0.08274776827590978,0.0,0.0
mort_acc,1.370233073619544,1.7463599055203978,-0.3761268319008537,-0.18861071023099663,-0.07545574135172936,0.0,0.0
inq_last_6mths,0.7777441621246748,0.6246958439749245,0.15304831814975028,0.16345975986850939,0.06519906148584971,0.0,0.0
loan_amnt,15558.320805038004,14137.267109046774,1421.0536959912297,0.16332728456821258,0.0651464228979057,0.0,0.0
revol_util,54.746065942562254,51.09115807497466,3.654907867587596,0.1492810571340678,0.05956395815128331,0.0,0.0
installment,465.02573529069514,431.4059238960716,33.619811394623525,0.12869503234798524,0.05137398927652369,0.0,0.0
annual_inc,70364.97382560612,77707.74499490946,-7342.771169303334,-0.10564473069876013,-0.0421906621546312,0.0,0.0
credit_history_years,15.758341982899456,16.378151503577698,-0.6198095206782419,-0.08266534917577045,-0.03302493133646872,1.8733823324200817e-258,0.0
open_acc,11.89689406880245,11.517732159586535,0.37916190921591486,0.06922516894448029,0.027660065533057162,2.543056468581245e-173,4.5635834136561685e-174
pub_rec,0.2469431735141752,0.2071392998150687,0.039803873699106485,0.06592616460194337,0.02634283118680017,9.207492816089542e-143,5.237220809259197e-242
revol_bal,15314.20163185895,16478.80836335226,-1164.606731493308,-0.05234801087567062,-0.02091994357389526,1.268478249906336e-133,5.709798631181588e-17
delinq_2yrs,0.35270680996243836,0.3091603097744256,0.04354650018801276,0.04958154730500793,0.019814822211013793,1.37242212108091e-84,5.839135051550256e-90
emp_length,5.859551186194075,5.990041423557717,-0.13049023736364163,-0.035359696914453904,-0.014016941533769454,4.554112110310882e-45,3.988063792403965e-49
total_acc,24.70364957388281,25.046290868016175,-0.3426412941333652,-0.02854842945788141,-0.011410622170285125,7.482478181340425e-32,8.853073586046881e-54
