comparación,AUC 1,AUC 2,ΔAUC,IC95 inf,IC95 sup,z,p,corr. AUC,p Holm,significativa (Holm),relevante (|Δ| ≥ margen)
Regresión logística vs Árbol de decisión,0.7094925230134677,0.7021901124808151,0.00730241053265257,0.006051360856189981,0.008553460209115158,11.440362372175544,2.627856299185768e-30,0.8631273640312681,2.627856299185768e-30,True,True
Regresión logística vs Bosque aleatorio,0.7094925230134677,0.7163588728409993,-0.006866349827531648,-0.007733935673709807,-0.00599876398135349,-15.511777222390613,2.8877398073358434e-54,0.9328952419677924,8.663219422007531e-54,True,True
Regresión logística vs Gradient boosting,0.7094925230134677,0.7196279223699337,-0.010135399356466013,-0.010975340676721708,-0.009295458036210317,-23.650482752243356,1.166892774970909e-123,0.9368852840049472,5.834463874854545e-123,True,True
Regresión logística vs SVM lineal,0.7094925230134677,0.49556738199530953,0.21392514101815813,0.2102571225542931,0.21759315948202315,114.30846815897367,0.0,-0.0025292002118240814,0.0,True,True
Regresión logística vs Naive Bayes,0.7094925230134677,0.6883729220583544,0.021119600955113227,0.01990201378960183,0.022337188120624622,33.996463179286195,2.5127127872032454e-253,0.8757102691374978,1.7588989510422719e-252,True,True
Árbol de decisión vs Bosque aleatorio,0.7021901124808151,0.7163588728409993,-0.014168760360184218,-0.015141968996015274,-0.013195551724353162,-28.534744749594047,4.343864843634932e-179,0.9164660559384515,2.606318906180959e-178,True,True
Árbol de decisión vs Gradient boosting,0.7021901124808151,0.7196279223699337,-0.017437809889118583,-0.01841800520327435,-0.016457614574962816,-34.868029726672994,2.269827153906497e-266,0.9149816271777284,1.8158617231251976e-265,True,True
Árbol de decisión vs SVM lineal,0.7021901124808151,0.49556738199530953,0.20662273048550556,0.2029137347467302,0.21033172622428092,109.18672833866079,0.0,-0.017190035058507056,0.0,True,True
Árbol de decisión vs Naive Bayes,0.7021901124808151,0.6883729220583544,0.013817190422460657,0.012216994304498264,0.01541738654042305,16.92367284957449,3.0105666339637902e-64,0.7862491610171977,1.2042266535855161e-63,True,True
Bosque aleatorio vs Gradient boosting,0.7163588728409993,0.7196279223699337,-0.0032690495289343646,-0.003816190594936188,-0.002721908462932541,-11.710360889576569,1.1279847459234347e-31,0.9728980029228766,2.2559694918468695e-31,True,False
Bosque aleatorio vs SVM lineal,0.7163588728409993,0.49556738199530953,0.22079149084568978,0.21715416096160098,0.22442882072977857,118.97281355850004,0.0,0.005560666681582367,0.0,True,True
Bosque aleatorio vs Naive Bayes,0.7163588728409993,0.6883729220583544,0.027985950782644875,0.026603730413684114,0.029368171151605636,39.68358218330641,0.0,0.8383604298540092,0.0,True,True
Gradient boosting vs SVM lineal,0.7196279223699337,0.49556738199530953,0.22406054037462414,0.22041593668599593,0.22770514406325235,120.49337239631092,0.0,-0.0021907342908599773,0.0,True,True
Gradient boosting vs Naive Bayes,0.7196279223699337,0.6883729220583544,0.03125500031157924,0.02980964952367224,0.032700351099486234,42.3832577254078,0.0,0.8225822735835298,0.0,True,True
SVM lineal vs Naive Bayes,0.49556738199530953,0.6883729220583544,-0.1928055400630449,-0.19641275632222097,-0.18919832380386883,-104.75998315378997,0.0,0.06713106817766525,0.0,True,True
