entorno,modelo,AUC,IC95 inf,IC95 sup,umbral (F1 OOF)
scikit-learn,Regresión logística,0.7094925230134677,0.7071128179488879,0.7118722280780474,0.20424242424242423
scikit-learn,Árbol de decisión,0.7021901124808151,0.6997882761076837,0.7045919488539465,0.20424242424242423
scikit-learn,Bosque aleatorio,0.7163588728409993,0.7140040316119703,0.7187137140700283,0.21878787878787878
scikit-learn,Gradient boosting,0.7196279223699337,0.7172834204581231,0.7219724242817442,0.22363636363636363
scikit-learn,SVM lineal,0.49556738199530953,0.4927820929014598,0.49835267108915926,-1.000000000000319
scikit-learn,Naive Bayes,0.6883729220583544,0.6858861306530827,0.6908597134636262,0.21393939393939393
PySpark,Regresión logística,0.709492485924812,0.7071127797208203,0.7118721921288036,0.2061
PySpark,Árbol de decisión,0.7003749796660798,0.6979651168474301,0.7027848424847294,0.2061
PySpark,Bosque aleatorio,0.7151553028236001,0.7127944948566022,0.717516110790598,0.2159
PySpark,Gradient boosting,0.7189488556256385,0.7166044400737062,0.7212932711775708,0.2159
PySpark,SVM lineal,0.5985164678645559,0.595658077448897,0.6013748582802149,-1.000004670900264
PySpark,Naive Bayes,0.6882694390030459,0.6857824285431471,0.6907564494629448,0.2159
