,nulos,%
next_pymnt_d,1076248,100.0
member_id,1076248,100.0
orig_projected_additional_accrued_interest,1073233,99.71986010659253
hardship_start_date,1071605,99.56859385569126
hardship_length,1071605,99.56859385569126
hardship_type,1071605,99.56859385569126
hardship_reason,1071605,99.56859385569126
hardship_status,1071605,99.56859385569126
deferral_term,1071605,99.56859385569126
hardship_amount,1071605,99.56859385569126
hardship_end_date,1071605,99.56859385569126
payment_plan_start_date,1071605,99.56859385569126
hardship_dpd,1071605,99.56859385569126
hardship_loan_status,1071605,99.56859385569126
hardship_payoff_balance_amount,1071605,99.56859385569126
hardship_last_payment_amount,1071605,99.56859385569126
sec_app_mths_since_last_major_derog,1070928,99.50569013833243
sec_app_revol_util,1061514,98.6309846801109
revol_bal_joint,1061260,98.60738417167791
sec_app_chargeoff_within_12_mths,1061259,98.60729125629038
sec_app_open_act_il,1061259,98.60729125629038
sec_app_num_rev_accts,1061259,98.60729125629038
sec_app_earliest_cr_line,1061259,98.60729125629038
sec_app_open_acc,1061259,98.60729125629038
sec_app_collections_12_mths_ex_med,1061259,98.60729125629038
sec_app_fico_range_high,1061259,98.60729125629038
sec_app_inq_last_6mths,1061259,98.60729125629038
sec_app_fico_range_low,1061259,98.60729125629038
sec_app_mort_acc,1061259,98.60729125629038
verification_status_joint,1055739,98.0943983171165
dti_joint,1055577,98.0793460243364
annual_inc_joint,1055574,98.07906727817381
settlement_term,1049693,97.53263188410106
settlement_date,1049693,97.53263188410106
debt_settlement_flag_date,1049693,97.53263188410106
settlement_status,1049693,97.53263188410106
settlement_percentage,1049693,97.53263188410106
settlement_amount,1049693,97.53263188410106
desc,977514,90.82609212746505
mths_since_last_record,893587,83.02798239810899
mths_since_recent_bc_dlq,820882,76.2725691476314
mths_since_last_major_derog,793273,73.70726821327426
mths_since_recent_revol_delinq,716093,66.53605860359323
il_util,704049,65.41698567616386
mths_since_rcnt_il,657512,61.09298228661052
all_util,646217,60.04350298444224
total_cu_tl,646175,60.03960053816593
inq_last_12m,646175,60.03960053816593
open_acc_6m,646175,60.03960053816593
max_bal_bc,646174,60.0395076227784
open_rv_12m,646174,60.0395076227784
total_bal_il,646174,60.0395076227784
open_il_24m,646174,60.0395076227784
open_il_12m,646174,60.0395076227784
open_act_il,646174,60.0395076227784
open_rv_24m,646174,60.0395076227784
inq_fi,646174,60.0395076227784
mths_since_last_delinq,542634,50.41904839776705
mths_since_recent_inq,139445,12.956586214329782
num_tl_120dpd_2m,94075,8.741015082025703
mo_sin_old_il_acct,84595,7.8601772082271
emp_title,68607,6.374645992373505
emp_length,62826,5.837502137053914
pct_tl_nvr_dlq,54303,5.045584289122953
avg_cur_bal,54192,5.035270681106957
num_rev_accts,54176,5.033784034906453
num_tl_90g_dpd_24m,54175,5.033691119518921
num_rev_tl_bal_gt_0,54175,5.033691119518921
num_tl_op_past_12m,54175,5.033691119518921
num_il_tl,54175,5.033691119518921
num_bc_tl,54175,5.033691119518921
num_actv_rev_tl,54175,5.033691119518921
num_actv_bc_tl,54175,5.033691119518921
num_accts_ever_120_pd,54175,5.033691119518921
mo_sin_rcnt_tl,54175,5.033691119518921
tot_hi_cred_lim,54175,5.033691119518921
total_il_high_credit_limit,54175,5.033691119518921
mo_sin_rcnt_rev_tl_op,54175,5.033691119518921
mo_sin_old_rev_tl_op,54175,5.033691119518921
num_op_rev_tl,54175,5.033691119518921
num_tl_30dpd,54175,5.033691119518921
tot_cur_bal,54175,5.033691119518921
total_rev_hi_lim,54175,5.033691119518921
tot_coll_amt,54175,5.033691119518921
bc_util,49624,4.610833190863072
percent_bc_gt_75,49326,4.583144405378686
bc_open_to_buy,48995,4.55238941210576
mths_since_recent_bc,48267,4.484747009982829
num_bc_sats,44791,4.161773122923341
num_sats,44791,4.161773122923341
total_bal_ex_mort,37953,3.5264177029829558
mort_acc,37953,3.5264177029829558
acc_open_past_24mths,37953,3.5264177029829558
total_bc_limit,37953,3.5264177029829558
title,13348,1.2402345927704395
last_pymnt_d,1851,0.1719863823208034
revol_util,695,0.06457619433439132
pub_rec_bankruptcies,571,0.053054686280485534
dti,296,0.027502954709323502
last_credit_pull_d,48,0.004459938601511919
chargeoff_within_12_mths,45,0.004181192438917424
collections_12_mths_ex_med,45,0.004181192438917424
tax_liens,30,0.0027874616259449493
inq_last_6mths,1,9.291538753149832e-05
int_rate,0,0.0
loan_amnt,0,0.0
zip_code,0,0.0
hardship_flag,0,0.0
annual_inc,0,0.0
purpose,0,0.0
url,0,0.0
pymnt_plan,0,0.0
home_ownership,0,0.0
issue_d,0,0.0
verification_status,0,0.0
term,0,0.0
sub_grade,0,0.0
grade,0,0.0
installment,0,0.0
disbursement_method,0,0.0
funded_amnt,0,0.0
funded_amnt_inv,0,0.0
loan_status,0,0.0
debt_settlement_flag,0,0.0
addr_state,0,0.0
application_type,0,0.0
delinq_2yrs,0,0.0
total_pymnt,0,0.0
acc_now_delinq,0,0.0
last_fico_range_low,0,0.0
last_fico_range_high,0,0.0
last_pymnt_amnt,0,0.0
collection_recovery_fee,0,0.0
recoveries,0,0.0
total_rec_late_fee,0,0.0
total_rec_int,0,0.0
total_rec_prncp,0,0.0
total_pymnt_inv,0,0.0
out_prncp_inv,0,0.0
earliest_cr_line,0,0.0
out_prncp,0,0.0
delinq_amnt,0,0.0
initial_list_status,0,0.0
total_acc,0,0.0
policy_code,0,0.0
revol_bal,0,0.0
pub_rec,0,0.0
open_acc,0,0.0
fico_range_high,0,0.0
fico_range_low,0,0.0
id,0,0.0
