mean_fit_time,param_max_depth,param_n_estimators,mean_test_score,std_test_score,rank_test_score,mean_train_score
13.74950615564982,5,10,0.7016478665600142,0.0003593757696631875,9,0.702693443751344
65.40188797314961,5,50,0.7046863193157392,0.0004891695834074412,8,0.7058598706807467
127.4690272808075,5,100,0.7055312846884999,0.0004932225620198256,6,0.706706528035439
25.628472407658894,10,10,0.7087126491529512,0.0003002437751078106,5,0.7226821789754321
123.16607117652893,10,50,0.7118777719160884,0.0002199539362095372,4,0.7265841503272416
232.5068438053131,10,100,0.7124261994846641,0.00015824178258080302,3,0.7272564461192267
35.56190880139669,15,10,0.7052946484678543,0.00016698291110870946,7,0.7939756543621622
170.15787847836813,15,50,0.7142158194327042,0.00012541379194366427,2,0.8094038818789807
272.11202653249103,15,100,0.7157531031970065,7.812748655001803e-05,1,0.8114291283104954
